id,label
0,OK
1,OK
2,NG
3,NG
4,NG
5,NG
6,NG
7,NG
8,OK
9,OK
10,OK
11,OK
12,NG
13,NG
14,NG
15,NG
16,NG
17,NG
18,OK
19,OK
20,OK
21,NG
22,NG
23,NG
24,OK
25,NG
26,OK
27,OK
28,OK
29,OK
30,OK
31,NG
32,NG
33,NG
34,NG
35,NG
36,NG
37,NG
38,NG
39,NG
40,NG
41,NG
42,NG
43,NG
44,NG
45,NG
46,NG
47,NG
48,NG
49,OK
50,OK
51,NG
52,NG
53,NG
54,NG
55,NG
56,NG
57,NG
58,NG
59,NG
60,NG
61,NG
62,NG
63,NG
64,NG
65,NG
66,NG
67,NG
68,NG
69,NG
70,NG
71,NG
72,NG
73,NG
74,NG
75,NG
76,NG
77,NG
78,NG
79,NG
80,NG
81,OK
82,NG
83,NG
84,NG
85,OK
86,OK
87,OK
88,NG
89,NG
90,NG
91,OK
92,OK
93,OK
94,OK
95,OK
96,OK
97,OK
98,OK
99,OK
100,OK
101,OK
102,OK
103,OK
104,OK
105,OK
106,OK
107,OK
108,OK
109,OK
110,OK
111,OK
112,NG
113,NG
114,OK
115,OK
116,OK
117,OK
118,OK
119,OK
120,OK
121,OK
122,OK
123,OK
124,OK
125,OK
126,OK
127,OK
128,OK
129,OK
130,OK
131,OK
132,NG
133,NG
134,NG
135,NG
136,OK
137,NG
138,OK
139,NG
140,NG
141,OK
142,OK
143,OK
144,NG
145,NG
146,OK
147,OK
148,NG
149,NG
150,OK
151,OK
152,NG
153,OK
154,OK
155,NG
156,NG
157,OK
158,OK
159,OK
160,NG
161,OK
162,OK
163,NG
164,OK
165,OK
166,OK
167,OK
168,OK
169,OK
170,NG
171,OK
172,OK
173,OK
174,OK
175,OK
176,OK
177,OK
178,OK
179,OK
180,OK
181,OK
182,OK
183,OK
184,OK
185,OK
186,OK
187,OK
188,OK
189,OK
190,OK
191,OK
192,OK
193,OK
194,OK
195,OK
196,OK
197,OK
198,OK
199,OK
200,OK
201,OK
202,OK
203,OK
204,OK
205,OK
206,OK
207,NG
208,OK
209,OK
210,OK
211,OK
212,OK
213,OK
214,OK
215,OK
216,OK
217,OK
218,OK
219,OK
220,OK
221,OK
222,OK
223,OK
224,OK
225,OK
226,OK
227,OK
228,OK
229,OK
230,OK
231,OK
232,OK
233,OK
234,OK
235,OK
236,OK
237,OK
238,NG
239,OK
240,OK
241,OK
242,NG
243,OK
244,OK
245,OK
246,OK
247,OK
248,OK
249,NG
250,NG
251,OK
252,OK
253,OK
254,NG
255,OK
256,OK
257,OK
258,OK
259,NG
260,OK
261,NG
262,NG
263,OK
264,OK
265,NG
266,OK
267,OK
268,OK
269,OK
270,OK
271,OK
272,OK
273,NG
274,OK
275,NG
276,OK
277,NG
278,NG
279,OK
280,NG
281,NG
282,OK
283,OK
284,NG
285,NG
286,OK
287,NG
288,OK
289,NG
290,OK
291,NG
292,OK
293,NG
294,NG
295,NG
296,NG
297,NG
298,OK
299,OK
300,NG
301,OK
302,OK
303,OK
304,OK
305,NG
306,OK
307,OK
308,OK
309,NG
310,OK
311,OK
312,OK
313,OK
314,OK
315,NG
316,OK
317,OK
318,OK
319,OK
320,OK
321,OK
322,OK
323,OK
324,OK
325,OK
326,OK
327,OK
328,OK
329,OK
330,OK
331,OK
332,OK
333,OK
334,OK
335,OK
336,OK
337,OK
338,OK
339,OK
340,OK
341,OK
342,OK
343,OK
344,OK
345,OK
346,OK
347,OK
348,OK
349,OK
350,OK
351,OK
352,OK
353,OK
354,OK
355,OK
356,OK
357,OK
358,OK
359,OK
360,OK
361,OK
362,OK
363,OK
364,OK
365,OK
366,OK
367,OK
368,NG
369,OK
370,OK
371,OK
372,OK
373,OK
374,OK
375,OK
376,OK
377,OK
378,OK
379,OK
380,OK
381,OK
382,OK
383,OK
384,NG
385,OK
386,OK
387,OK
388,OK
389,OK
390,OK
391,OK
392,OK
393,OK
394,OK
395,OK
396,OK
397,OK
398,OK
399,OK
400,OK
401,OK
402,OK
403,OK
404,OK
405,OK
406,OK
407,OK
408,OK
409,OK
410,OK
411,OK
412,OK
413,OK
414,OK
415,OK
416,OK
417,OK
418,OK
419,OK
420,OK
421,OK
422,OK
423,OK
424,OK
425,OK
426,OK
427,OK
428,OK
429,OK
430,OK
431,OK
432,OK
433,OK
434,OK
435,OK
436,OK
437,OK
438,OK
439,OK
440,OK
441,OK
442,OK
443,OK
444,OK
445,OK
446,OK
447,OK
448,OK
449,OK
450,OK
451,OK
452,OK
453,OK
454,OK
455,OK
456,OK
457,OK
458,OK
459,OK
460,OK
461,OK
462,OK
463,OK
464,OK
465,OK
466,OK
467,OK
468,OK
469,OK
470,OK
471,OK
472,OK
473,OK
474,OK
475,OK
476,OK
477,OK
478,OK
479,OK
480,OK
481,OK
482,OK
483,OK
484,OK
485,OK
486,OK
487,OK
488,OK
489,OK
490,OK
491,OK
492,OK
493,OK
494,OK
495,OK
496,OK
497,OK
498,OK
499,OK
500,OK
501,OK
502,OK
503,OK
504,OK
505,OK
506,OK
507,OK
508,OK
509,NG
510,OK
511,OK
512,OK
513,OK
514,OK
515,OK
516,OK
517,OK
518,OK
519,OK
520,OK
521,OK
522,OK
523,OK
524,OK
525,OK
526,OK
527,OK
528,OK
529,OK
530,OK
531,OK
532,OK
533,OK
534,OK
535,OK
536,OK
537,OK
538,OK
539,OK
540,OK
541,OK
542,OK
543,NG
544,OK
545,OK
546,OK
547,OK
548,OK
549,NG
550,NG
551,OK
552,OK
553,OK
554,OK
555,OK
556,NG
557,NG
558,OK
559,OK
560,OK
561,OK
562,NG
563,OK
564,OK
565,OK
566,OK
567,NG
568,OK
569,OK
570,OK
571,OK
572,OK
573,OK
574,OK
575,OK
576,OK
577,NG
578,OK
579,OK
580,OK
581,OK
582,OK
583,OK
584,OK
585,OK
586,OK
587,OK
588,OK
589,OK
590,OK
591,OK
592,OK
593,OK
594,OK
595,OK
596,OK
597,OK
598,OK
599,OK
600,OK
601,OK
602,OK
603,OK
604,OK
605,OK
606,OK
607,OK
608,OK
609,OK
610,OK
611,OK
612,OK
613,OK
614,OK
615,OK
616,OK
617,OK
618,OK
619,OK
620,OK
621,OK
622,OK
623,OK
624,OK
625,OK
626,OK
627,OK
628,OK
629,OK
630,OK
631,OK
632,OK
633,OK
634,NG
635,OK
636,OK
637,OK
638,OK
639,NG
640,NG
641,NG
642,OK
643,OK
644,OK
645,OK
646,NG
647,OK
648,OK
649,OK
650,NG
651,OK
652,OK
653,OK
654,OK
655,OK
656,OK
657,OK
658,OK
659,OK
660,OK
661,OK
662,OK
663,OK
664,OK
665,OK
666,OK
667,NG
668,OK
669,NG
670,NG
671,OK
672,NG
673,OK
674,NG
675,NG
676,OK
677,NG
678,NG
679,NG
680,NG
681,NG
682,NG
683,NG
684,NG
685,NG
686,NG
687,NG
688,OK
689,OK
690,OK
691,OK
692,OK
693,NG
694,NG
695,NG
696,OK
697,OK
698,NG
699,NG
700,NG
701,NG
702,NG
703,NG
704,NG
705,NG
706,NG
707,NG
708,NG
709,NG
710,NG
711,NG
712,NG
713,NG
714,NG
715,NG
716,NG
717,NG
718,NG
719,NG
720,NG
721,NG
722,NG
723,NG
724,NG
725,NG
726,NG
727,NG
728,NG
729,NG
730,OK
731,OK
732,NG
733,NG
734,OK
735,OK
736,NG
737,NG
738,NG
739,NG
740,NG
741,NG
742,NG
743,NG
744,OK
745,NG
746,NG
747,NG
748,NG
749,NG
750,NG
751,OK
752,OK
753,OK
754,NG
755,NG
756,NG
757,NG
758,NG
759,NG
760,NG
761,OK
762,OK
763,NG
764,OK
765,OK
766,OK
767,OK
768,OK
769,NG
770,NG
771,NG
772,NG
773,OK
774,OK
775,OK
776,OK
777,OK
778,OK
779,OK
780,OK
781,OK
782,OK
783,OK
784,OK
785,NG
786,NG
787,NG
788,NG
789,NG
790,NG
791,NG
792,NG
793,OK
794,OK
795,OK
796,OK
797,OK
798,OK
799,OK
800,OK
801,OK
802,OK
803,OK
804,OK
805,OK
806,OK
807,OK
808,OK
809,OK
810,OK
811,OK
812,NG
813,OK
814,OK
815,OK
816,OK
817,OK
818,OK
819,OK
820,OK
821,OK
822,OK
823,OK
824,OK
825,OK
826,OK
827,OK
828,NG
829,OK
830,OK
831,OK
832,NG
833,OK
834,OK
835,NG
836,OK
837,OK
838,OK
839,OK
840,OK
841,OK
842,OK
843,OK
844,OK
845,OK
846,OK
847,OK
848,OK
849,OK
850,NG
851,NG
852,NG
853,NG
854,NG
855,OK
856,NG
857,NG
858,OK
859,OK
860,OK
861,NG
862,NG
863,NG
864,NG
865,OK
866,OK
867,OK
868,OK
869,OK
870,OK
871,OK
872,OK
873,OK
874,OK
875,OK
876,OK
877,NG
878,OK
879,NG
880,NG
881,NG
882,OK
883,NG
884,NG
885,NG
886,NG
887,NG
888,NG
889,NG
890,NG
891,NG
892,NG
893,NG
894,NG
895,NG
896,NG
897,NG
898,NG
899,NG
900,OK
901,OK
902,OK
903,OK
904,OK
905,OK
906,OK
907,OK
908,OK
909,OK
910,OK
911,OK
912,OK
913,OK
914,OK
915,OK
916,OK
917,OK
918,OK
919,OK
920,OK
921,OK
922,OK
923,OK
924,NG
925,NG
926,NG
927,NG
928,NG
929,OK
930,OK
931,OK
932,OK
933,OK
934,OK
935,OK
936,OK
937,OK
938,OK
939,OK
940,OK
941,OK
942,OK
943,OK
944,OK
945,OK
946,OK
947,OK
948,OK
949,NG
950,OK
951,NG
952,NG
953,NG
954,NG
955,NG
956,OK
957,NG
958,NG
959,NG
960,NG
961,NG
962,OK
963,OK
964,OK
965,OK
966,OK
967,OK
968,NG
969,NG
970,NG
971,NG
972,OK
973,NG
974,OK
975,OK
976,OK
977,NG
978,NG
979,NG
980,OK
981,NG
982,NG
983,OK
984,NG
985,OK
986,OK
987,OK
988,OK
989,NG
990,NG
991,NG
992,NG
993,NG
994,OK
995,OK
996,OK
997,OK
998,OK
999,OK
1000,NG
1001,NG
1002,OK
1003,OK
1004,OK
1005,OK
1006,OK
1007,NG
1008,NG
1009,OK
1010,OK
1011,OK
1012,OK
1013,NG
1014,OK
1015,NG
1016,NG
1017,OK
1018,OK
1019,NG
1020,NG
1021,NG
1022,OK
1023,OK
1024,NG
1025,NG
1026,OK
1027,NG
1028,NG
1029,OK
1030,OK
1031,OK
1032,OK
1033,OK
1034,OK
1035,NG
1036,NG
1037,OK
1038,NG
1039,NG
1040,OK
1041,NG
1042,NG
1043,OK
1044,OK
1045,NG
1046,NG
1047,OK
1048,OK
1049,OK
1050,OK
1051,NG
1052,NG
1053,NG
1054,NG
1055,OK
1056,OK
1057,OK
1058,OK
1059,OK
1060,NG
1061,NG
1062,OK
1063,NG
1064,OK
1065,OK
1066,OK
1067,OK
1068,OK
1069,OK
1070,OK
1071,OK
1072,OK
1073,OK
1074,OK
1075,OK
1076,OK
1077,OK
1078,OK
1079,NG
1080,OK
1081,NG
1082,OK
1083,OK
1084,OK
1085,NG
1086,NG
1087,OK
1088,NG
1089,NG
1090,NG
1091,OK
1092,OK
1093,OK
1094,OK
1095,OK
1096,OK
1097,OK
1098,OK
1099,OK
1100,OK
1101,NG
1102,NG
1103,NG
1104,NG
1105,NG
1106,OK
1107,OK
1108,OK
1109,OK
1110,OK
1111,OK
1112,NG
1113,NG
1114,NG
1115,NG
1116,OK
1117,OK
1118,OK
1119,OK
1120,OK
1121,OK
1122,NG
1123,NG
1124,NG
1125,NG
1126,OK
1127,OK
1128,OK
1129,OK
1130,OK
1131,NG
1132,NG
1133,NG
1134,NG
1135,OK
1136,OK
1137,OK
1138,OK
1139,OK
1140,OK
1141,NG
1142,NG
1143,NG
1144,NG
1145,NG
1146,OK
1147,OK
1148,NG
1149,NG
1150,OK
1151,OK
1152,OK
1153,NG
1154,OK
1155,OK
1156,OK
1157,OK
1158,OK
1159,NG
1160,NG
1161,OK
1162,OK
1163,OK
1164,NG
1165,NG
1166,NG
1167,NG
1168,NG
1169,NG
1170,NG
1171,OK
1172,OK
1173,OK
1174,OK
1175,OK
1176,OK
1177,OK
1178,OK
1179,OK
1180,OK
1181,OK
1182,OK
1183,OK
1184,OK
1185,OK
1186,NG
1187,NG
1188,NG
1189,NG
1190,NG
1191,OK
1192,OK
1193,OK
1194,OK
1195,NG
1196,OK
1197,OK
1198,NG
1199,NG
1200,OK
1201,OK
1202,NG
1203,OK
1204,OK
1205,OK
1206,OK
1207,OK
1208,OK
1209,OK
1210,OK
1211,OK
1212,OK
1213,OK
1214,OK
1215,OK
1216,OK
1217,OK
1218,OK
1219,NG
1220,NG
1221,NG
1222,NG
1223,OK
1224,OK
1225,OK
1226,OK
1227,OK
1228,OK
1229,OK
1230,OK
1231,OK
1232,OK
1233,OK
1234,OK
1235,NG
1236,NG
1237,NG
1238,OK
1239,OK
1240,OK
1241,OK
1242,OK
1243,OK
1244,OK
1245,OK
1246,OK
1247,OK
1248,OK
1249,OK
1250,OK
1251,NG
1252,NG
1253,OK
1254,NG
1255,OK
1256,OK
1257,OK
1258,OK
1259,OK
1260,OK
1261,OK
1262,OK
1263,OK
1264,OK
1265,OK
1266,OK
1267,OK
1268,OK
1269,OK
1270,NG
1271,NG
1272,OK
1273,NG
1274,OK
1275,OK
1276,OK
1277,NG
1278,NG
1279,OK
1280,OK
1281,NG
1282,NG
1283,OK
1284,NG
1285,OK
1286,OK
1287,NG
1288,OK
1289,OK
1290,OK
1291,OK
1292,OK
1293,OK
1294,OK
1295,OK
1296,OK
1297,OK
1298,OK
1299,OK
1300,OK
1301,NG
1302,NG
1303,OK
1304,OK
1305,OK
1306,OK
1307,OK
1308,OK
1309,OK
1310,OK
1311,OK
1312,OK
1313,NG
1314,OK
1315,OK
1316,OK
1317,NG
1318,OK
1319,OK
1320,OK
1321,OK
1322,OK
1323,OK
1324,OK
1325,OK
1326,OK
1327,OK
1328,OK
1329,NG
1330,OK
1331,NG
1332,OK
1333,NG
1334,OK
1335,NG
1336,OK
1337,OK
1338,NG
1339,OK
1340,NG
1341,NG
1342,NG
1343,NG
1344,NG
1345,OK
1346,OK
1347,NG
1348,OK
1349,NG
1350,NG
1351,NG
1352,OK
1353,OK
1354,OK
1355,NG
1356,NG
1357,NG
1358,OK
1359,OK
1360,NG
1361,NG
1362,OK
1363,OK
1364,NG
1365,OK
1366,OK
1367,OK
1368,OK
1369,OK
1370,OK
1371,OK
1372,OK
1373,OK
1374,OK
1375,OK
1376,OK
1377,OK
1378,OK
1379,OK
1380,OK
1381,OK
1382,OK
1383,OK
1384,OK
1385,OK
1386,OK
1387,OK
1388,OK
1389,OK
1390,OK
1391,OK
1392,OK
1393,OK
1394,OK
1395,OK
1396,OK
1397,OK
1398,OK
1399,OK
1400,OK
1401,OK
1402,OK
1403,OK
1404,OK
1405,OK
1406,OK
1407,OK
1408,OK
1409,OK
1410,OK
1411,OK
1412,OK
1413,OK
1414,OK
1415,OK
1416,OK
1417,OK
1418,OK
1419,OK
1420,OK
1421,OK
1422,OK
1423,OK
1424,OK
1425,OK
1426,OK
1427,OK
1428,OK
1429,OK
1430,OK
1431,OK
1432,OK
1433,OK
1434,OK
1435,OK
1436,OK
1437,OK
1438,OK
1439,OK
1440,OK
1441,OK
1442,OK
1443,OK
1444,OK
1445,OK
1446,OK
1447,OK
1448,OK
1449,NG
1450,NG
1451,NG
1452,NG
1453,NG
1454,OK
1455,OK
1456,NG
1457,NG
1458,OK
1459,OK
1460,OK
1461,OK
1462,OK
1463,OK
1464,OK
1465,OK
1466,OK
1467,OK
1468,OK
1469,NG
1470,OK
1471,OK
1472,NG
1473,NG
1474,OK
1475,NG
1476,OK
1477,NG
1478,NG
1479,NG
1480,NG
1481,OK
1482,NG
1483,OK
1484,OK
1485,NG
1486,OK
1487,OK
1488,NG
1489,NG
1490,OK
1491,OK
1492,OK
1493,OK
1494,OK
1495,OK
1496,OK
1497,OK
1498,OK
1499,OK
1500,OK
1501,OK
1502,NG
1503,NG
1504,NG
1505,NG
1506,NG
1507,NG
1508,OK
1509,OK
1510,OK
1511,OK
1512,OK
1513,OK
1514,NG
1515,NG
1516,NG
1517,NG
1518,OK
1519,OK
1520,OK
1521,OK
1522,NG
1523,OK
1524,NG
1525,NG
1526,NG
1527,NG
1528,OK
1529,OK
1530,OK
1531,OK
1532,OK
1533,NG
1534,NG
1535,NG
1536,NG
1537,NG
1538,NG
1539,NG
1540,OK
1541,OK
1542,NG
1543,OK
1544,NG
1545,NG
1546,NG
1547,OK
1548,NG
1549,NG
1550,NG
1551,NG
1552,OK
1553,OK
1554,OK
1555,OK
1556,OK
1557,OK
1558,OK
1559,OK
1560,NG
1561,OK
1562,OK
1563,OK
1564,NG
1565,OK
1566,NG
1567,NG
1568,OK
1569,NG
1570,NG
1571,NG
1572,OK
1573,OK
1574,OK
1575,OK
1576,OK
1577,OK
1578,OK
1579,NG
1580,OK
1581,OK
1582,OK
1583,OK
1584,OK
1585,OK
1586,OK
1587,OK
1588,NG
1589,NG
1590,OK
1591,OK
1592,NG
1593,OK
1594,OK
1595,OK
1596,OK
1597,OK
1598,OK
1599,OK
1600,OK
1601,OK
1602,OK
1603,OK
1604,NG
1605,OK
1606,OK
1607,OK
1608,NG
1609,NG
1610,OK
1611,OK
1612,OK
1613,OK
1614,OK
1615,OK
1616,OK
1617,OK
1618,OK
1619,OK
1620,OK
1621,OK
1622,NG
1623,OK
1624,OK
1625,OK
1626,OK
1627,OK
1628,OK
1629,NG
1630,NG
1631,OK
1632,OK
1633,OK
1634,OK
1635,OK
1636,NG
1637,OK
1638,NG
1639,OK
1640,OK
1641,OK
1642,NG
1643,OK
1644,OK
1645,NG
1646,OK
1647,OK
1648,OK
1649,OK
1650,OK
1651,OK
1652,OK
1653,NG
1654,OK
1655,OK
1656,OK
1657,NG
1658,OK
1659,OK
1660,OK
1661,OK
1662,OK
1663,OK
1664,OK
1665,OK
1666,OK
1667,OK
1668,OK
1669,OK
1670,OK
1671,OK
1672,OK
1673,OK
1674,OK
1675,OK
1676,OK
1677,OK
1678,OK
1679,OK
1680,OK
1681,OK
1682,OK
1683,OK
1684,OK
1685,OK
1686,OK
1687,OK
1688,NG
1689,NG
1690,NG
1691,NG
1692,NG
1693,OK
1694,OK
1695,OK
1696,OK
1697,OK
1698,OK
1699,OK
1700,OK
1701,OK
1702,OK
1703,OK
1704,OK
1705,OK
1706,OK
1707,OK
1708,OK
1709,OK
1710,OK
1711,OK
1712,OK
1713,OK
1714,OK
1715,OK
1716,OK
1717,OK
1718,OK
1719,OK
1720,OK
1721,NG
1722,NG
1723,NG
1724,NG
1725,NG
1726,OK
1727,OK
1728,OK
1729,OK
1730,OK
1731,OK
1732,OK
1733,OK
1734,OK
1735,OK
1736,OK
1737,OK
1738,OK
1739,OK
1740,NG
1741,OK
1742,OK
1743,OK
1744,NG
1745,OK
1746,OK
1747,NG
1748,NG
1749,OK
1750,NG
1751,NG
1752,NG
1753,NG
1754,NG
1755,NG
1756,OK
1757,OK
1758,NG
1759,OK
1760,OK
1761,NG
1762,OK
1763,OK
1764,OK
1765,NG
1766,NG
1767,OK
1768,OK
1769,OK
1770,NG
1771,OK
1772,OK
1773,OK
1774,OK
1775,OK
1776,NG
1777,OK
1778,OK
1779,OK
1780,NG
1781,NG
1782,NG
1783,NG
1784,NG
1785,NG
1786,OK
1787,NG
1788,NG
1789,NG
1790,NG
1791,NG
1792,NG
1793,OK
1794,OK
1795,OK
1796,OK
1797,NG
1798,OK
1799,NG
1800,OK
1801,OK
1802,OK
1803,OK
1804,OK
1805,NG
1806,OK
1807,OK
1808,OK
1809,NG
1810,OK
1811,NG
1812,OK
1813,OK
1814,OK
1815,OK
1816,OK
1817,NG
1818,OK
1819,NG
1820,NG
1821,OK
1822,OK
1823,OK
1824,NG
1825,OK
1826,NG
1827,OK
1828,OK
1829,OK
1830,OK
1831,OK
1832,OK
1833,OK
1834,OK
1835,OK
1836,OK
1837,OK
1838,NG
1839,OK
1840,OK
1841,OK
1842,OK
1843,OK
1844,OK
1845,OK
1846,OK
1847,OK
1848,OK
1849,OK
1850,OK
1851,OK
1852,OK
1853,OK
1854,OK
1855,OK
1856,OK
1857,OK
1858,OK
1859,OK
1860,OK
1861,OK
1862,OK
1863,OK
1864,OK
1865,OK
1866,OK
1867,OK
1868,OK
1869,OK
1870,OK
1871,NG
1872,OK
1873,OK
1874,OK
1875,OK
1876,OK
1877,OK
1878,OK
1879,OK
1880,OK
1881,OK
1882,NG
1883,OK
1884,OK
1885,OK
1886,OK
1887,OK
1888,OK
1889,OK
1890,OK
1891,OK
1892,OK
1893,OK
1894,OK
1895,OK
1896,OK
1897,OK
1898,OK
1899,OK
1900,OK
1901,OK
1902,OK
1903,OK
1904,OK
1905,OK
1906,OK
1907,OK
1908,OK
1909,OK
1910,OK
1911,OK
1912,OK
1913,OK
1914,OK
1915,OK
1916,OK
1917,OK
1918,OK
1919,OK
1920,OK
1921,OK
1922,OK
1923,OK
1924,OK
1925,OK
1926,OK
1927,OK
1928,OK
1929,OK
1930,OK
1931,OK
1932,OK
1933,OK
1934,OK
1935,OK
1936,OK
1937,OK
1938,OK
1939,OK
1940,OK
1941,OK
1942,OK
1943,OK
1944,OK
1945,OK
1946,OK
1947,OK
1948,OK
1949,OK
1950,OK
1951,OK
1952,OK
1953,OK
1954,OK
1955,OK
1956,OK
1957,OK
1958,OK
1959,OK
1960,OK
1961,OK
1962,OK
1963,OK
1964,OK
1965,OK
1966,OK
1967,OK
1968,OK
1969,OK
1970,OK
1971,OK
1972,OK
1973,OK
1974,OK
1975,OK
1976,OK
1977,OK
1978,OK
1979,OK
1980,OK
1981,OK
1982,OK
1983,NG
1984,OK
1985,NG
1986,OK
1987,OK
1988,OK
1989,OK
1990,OK
1991,OK
1992,OK
1993,OK
1994,OK
1995,OK
1996,OK
1997,OK
1998,OK
1999,OK
2000,NG
2001,OK
2002,OK
2003,OK
2004,NG
2005,OK
2006,OK
2007,NG
2008,OK
2009,OK
2010,OK
2011,OK
2012,NG
2013,NG
2014,OK
2015,NG
2016,OK
2017,OK
2018,NG
2019,NG
2020,NG
2021,NG
2022,NG
2023,NG
2024,NG
2025,NG
2026,NG
2027,OK
2028,NG
2029,OK
2030,NG
2031,OK
2032,OK
2033,OK
2034,NG
2035,OK
2036,OK
2037,NG
2038,OK
2039,NG
2040,OK
2041,OK
2042,OK
2043,OK
2044,OK
2045,OK
2046,NG
2047,OK
2048,NG
2049,OK
2050,OK
2051,NG
2052,OK
2053,OK
2054,OK
2055,OK
2056,OK
2057,OK
2058,OK
2059,OK
2060,OK
2061,OK
2062,OK
2063,OK
2064,OK
2065,OK
2066,OK
2067,OK
2068,NG
2069,NG
2070,NG
2071,NG
2072,OK
2073,NG
2074,OK
2075,OK
2076,OK
2077,OK
2078,OK
2079,OK
2080,OK
2081,OK
2082,OK
2083,NG
2084,NG
2085,NG
2086,NG
2087,NG
2088,OK
2089,OK
2090,OK
2091,OK
2092,OK
2093,OK
2094,OK
2095,OK
2096,OK
2097,NG
2098,NG
2099,NG
2100,NG
2101,NG
2102,OK
2103,OK
2104,NG
2105,NG
2106,OK
2107,OK
2108,OK
2109,NG
2110,OK
2111,NG
2112,OK
2113,OK
2114,OK
2115,NG
2116,OK
2117,OK
2118,OK
2119,NG
2120,OK
2121,OK
2122,NG
2123,OK
2124,NG
2125,OK
2126,NG
2127,OK
2128,NG
2129,OK
2130,OK
2131,OK
2132,OK
2133,OK
2134,OK
2135,OK
2136,OK
2137,OK
2138,OK
2139,OK
2140,OK
2141,OK
2142,OK
2143,OK
2144,OK
2145,OK
2146,OK
2147,OK
2148,OK
2149,OK
2150,OK
2151,OK
2152,OK
2153,OK
2154,OK
2155,OK
2156,OK
2157,OK
2158,OK
2159,OK
2160,OK
2161,OK
2162,OK
2163,NG
2164,NG
2165,OK
2166,OK
2167,OK
2168,OK
2169,OK
2170,NG
2171,OK
2172,NG
2173,OK
2174,OK
2175,OK
2176,NG
2177,OK
2178,OK
2179,OK
2180,NG
2181,NG
2182,OK
2183,NG
2184,OK
2185,OK
2186,OK
2187,OK
2188,OK
2189,OK
2190,OK
2191,OK
2192,OK
2193,OK
2194,OK
2195,OK
2196,OK
2197,OK
2198,OK
2199,OK
2200,OK
2201,OK
2202,OK
2203,OK
2204,OK
2205,OK
2206,OK
2207,OK
2208,OK
2209,OK
2210,OK
2211,OK
2212,OK
2213,OK
2214,OK
2215,OK
2216,OK
2217,OK
2218,OK
2219,OK
2220,OK
2221,OK
2222,OK
2223,OK
2224,OK
2225,OK
2226,OK
2227,OK
2228,OK
2229,OK
2230,OK
2231,OK
2232,OK
2233,OK
2234,OK
2235,OK
2236,OK
2237,OK
2238,OK
2239,OK
2240,OK
2241,OK
2242,OK
2243,OK
2244,OK
2245,OK
2246,OK
2247,OK
2248,OK
2249,OK
2250,OK
2251,OK
2252,OK
2253,OK
2254,OK
2255,OK
2256,OK
2257,OK
2258,OK
2259,OK
2260,OK
2261,OK
2262,OK
2263,OK
2264,OK
2265,OK
2266,OK
2267,OK
2268,OK
2269,OK
2270,OK
2271,OK
2272,OK
2273,OK
2274,OK
2275,OK
2276,OK
2277,OK
2278,OK
2279,OK
2280,OK
2281,OK
2282,OK
2283,OK
2284,OK
2285,OK
2286,OK
2287,OK
2288,NG
2289,OK
2290,OK
2291,OK
2292,OK
2293,OK
2294,OK
2295,OK
2296,OK
2297,OK
2298,NG
2299,OK
2300,OK
2301,OK
2302,OK
2303,OK
2304,OK
2305,OK
2306,OK
2307,OK
2308,OK
2309,OK
2310,OK
2311,OK
2312,OK
2313,OK
2314,OK
2315,NG
2316,OK
2317,OK
2318,OK
2319,OK
2320,OK
2321,OK
2322,OK
2323,OK
2324,OK
2325,OK
2326,OK
2327,OK
2328,OK
2329,OK
2330,OK
2331,OK
2332,NG
2333,OK
2334,OK
2335,OK
2336,OK
2337,OK
2338,OK
2339,OK
2340,OK
2341,NG
2342,OK
2343,OK
2344,OK
2345,OK
2346,OK
2347,OK
2348,OK
2349,OK
2350,OK
2351,OK
2352,OK
2353,OK
2354,OK
2355,OK
2356,OK
2357,OK
2358,OK
2359,OK
2360,OK
2361,OK
2362,OK
2363,OK
2364,OK
2365,OK
2366,OK
2367,OK
2368,OK
2369,OK
2370,OK
2371,OK
2372,OK
2373,OK
2374,OK
2375,OK
2376,OK
2377,OK
2378,OK
2379,OK
2380,NG
2381,OK
2382,NG
2383,OK
2384,OK
2385,OK
2386,OK
2387,OK
2388,OK
2389,OK
2390,OK
2391,OK
2392,OK
2393,OK
2394,OK
2395,OK
2396,OK
2397,OK
2398,OK
2399,OK
2400,OK
2401,OK
2402,OK
2403,NG
2404,NG
2405,NG
2406,NG
2407,OK
2408,OK
2409,OK
2410,NG
2411,OK
2412,OK
2413,OK
2414,OK
2415,OK
2416,OK
2417,NG
2418,NG
2419,NG
2420,OK
2421,OK
2422,OK
2423,OK
2424,OK
2425,OK
2426,OK
2427,OK
2428,OK
2429,OK
2430,OK
2431,OK
2432,OK
2433,OK
2434,OK
2435,OK
2436,OK
2437,OK
2438,OK
2439,OK
2440,NG
2441,NG
2442,NG
2443,NG
2444,OK
2445,NG
2446,OK
2447,NG
2448,NG
2449,NG
2450,NG
2451,OK
2452,OK
2453,OK
2454,OK
2455,OK
2456,OK
2457,OK
2458,OK
2459,OK
2460,OK
2461,OK
2462,OK
2463,OK
2464,OK
2465,OK
2466,OK
2467,NG
2468,OK
2469,OK
2470,OK
2471,OK
2472,OK
2473,OK
2474,OK
2475,OK
2476,OK
2477,OK
2478,OK
2479,NG
2480,NG
2481,OK
2482,OK
2483,NG
2484,NG
2485,OK
2486,OK
2487,NG
2488,NG
2489,OK
2490,OK
2491,OK
2492,OK
2493,NG
2494,NG
2495,NG
2496,NG
2497,OK
2498,OK
2499,NG
2500,OK
2501,OK
2502,NG
2503,OK
2504,OK
2505,OK
2506,OK
2507,OK
2508,OK
2509,OK
2510,OK
2511,OK
2512,OK
2513,OK
2514,OK
2515,OK
2516,OK
2517,OK
2518,OK
2519,NG
2520,NG
2521,NG
2522,NG
2523,NG
2524,OK
2525,OK
2526,OK
2527,OK
2528,OK
2529,OK
2530,OK
2531,NG
2532,NG
2533,NG
2534,NG
2535,OK
2536,OK
2537,OK
2538,OK
2539,OK
2540,OK
2541,OK
2542,OK
2543,OK
2544,NG
2545,NG
2546,NG
2547,NG
2548,NG
2549,NG
2550,NG
2551,NG
2552,NG
2553,NG
2554,NG
2555,NG
2556,NG
2557,NG
